,NPR,KD,KNN
0,0.663486424765288,0.6641461557980208,0.6641461557980208
