,NPR,KD,KNN
0,0.6640954072570414,0.6641461557980208,0.6641461557980208
