,NPR,KD,KNN
0,0.956140350877193,0.9780701754385965,0.9780701754385965
