,NPR,KD
0,0.11298482293423272,0.4814502529510961
