,NPR,KD
0,0.10370994940978077,0.4730185497470489
