,NPR,KD,KNN
0,0.8178752107925801,0.8204047217537943,0.8237774030354131
