,NPR,KD,KNN
0,0.6430678466076696,0.6637168141592921,0.6637168141592921
