,NPR,KD
0,0.8835828469931489,0.9997462572951028
