,NPR,KD,KNN
0,0.7917369308600337,0.8220910623946037,0.8237774030354131
