,NPR,KD
0,0.8726211621415885,0.9997970058360822
