,NPR,KD,KNN
0,0.9210526315789473,0.9342105263157895,0.9342105263157895
